id,type,size,label
1,cluster,23,"sydney,keychain,australia,streetstyle,bali,fashiondaily,mochila,manila,moscow,seoul,berlin,fashionaddict,streetstyleluxe,stylediaries,fashiondiaries,munich,santamonica,instablogger,itbag,philippines,verao2017,wayuubag,medellin"
2,cluster,39,"turquoise,earrings,necklace,jewellery,accessories,pendant,bracelets,silver,gift,sparkle,gold,jewelry,ring,shop,diamond,jewelrydesigner,goldplated,dressedup,bridal,shoppingaddict,rings,diamonds,antique,losangeles,hollywood,bride,shoppingtime,beverlyhills,bracelet,jewelrydesign,jewelryoftheday,evileye,armcandy,boutiques,promo,platinum,engagementring,instajewelry,antoniakarra"
3,cluster,16,"positano,amalficoast,capri,ravello,amalfi,sorrento,sorrentocoast,costieraamalfitana,costiera,praiano,atrani,maiori,salerno,amalfitana,villatreville,casaangelina"
4,cluster,28,"lifestyleblogger,orangecounty,livemusic,followers,instacool,bestoftheday,pictureoftheday,california,palmsprings,cars,yachts,desert,instafun,newportbeach,bestofthebest,classiccars,lasvegas,sonomacounty,searanch,monterey,lovethisguy,visualmerchandising,californiacoast,palmdesert,carshow,caliliving,bestofday,carsofinstagram"
5,cluster,12,"handbag,clutch,purse,bag,handbags,newstyle,women,trend,catwalk,fashionshow,influencer,instabag"
6,cluster,13,"photoshoot,photography,fashionshoot,lovemyjob,photo,photographer,l4l,instafollow,photograph,iphone7,producers,photomafia,producer"
7,cluster,10,"bedtime,sleeptight,buonanotte,buenasnoches,bonnenuit,gutenacht,sweetdreams,nightynight,goodnightworld,iyigeceler"
8,cluster,7,"wool,modern,fairtrade,rug,moderndesign,designlife,telaviv"
9,cluster,94,"interiorinspo,interiors,homedesign,interiorinspiration,decora,homedecor,blueandwhite,gardendesign,tablesetting,interior,interiorstyle,interiordetails,interiordesigner,homestyling,beautyguru,decor,interiorsinspo,interiordecor,bedroomdecor,decoration,tableware,vogueitalia,voguemagazine,vogueparis,antiques,pillows,tablescape,tabletop,interiorstyling,styleinspiration,elledecor,beautylover,homestyle,interiorismo,interiores,interiorideas,interiordecorator,interiordesigners,decoracao,decoracion,diningroomdecor,gardenflowers,decorative,harpersbazaar,beautygram,beautytips,decorate,bedroomdesign,homeinspo,homeinspiration,vogueaustralia,voguebrasil,housebeautiful,decorationideas,vogueusa,vogueuk,homeinterior,decorideas,blueandwhiteforever,topiary,styletips,curtains,decorativepillows,traditionalhome,styleicon,decorator,countrystyle,gardenstyle,tabledecor,diningroom,interiordesigns,interiorstylist,decoratingideas,decorated,decoraci,decorating,blueandwhitedecor,homedecoration,decorations,tablescapes,gardendecor,decorando,decorinspo,lampshades,hellomagazine,interiorsdesign,fashioninspo,homeideas,lampshade,decorazioni,decorazione,lamps,beautyaddict,styleaddict"
10,cluster,18,"europa,fashionstylist,voyage,traveling,palace,travelphotography,argentina,aloha,tiamo,eurotrip,europe,seattle,parisjetaime,pnw,italiana,washington,abroad,viaje"
11,cluster,10,"fa,myhome,instahome,mystyle,instadecor,decorhome,designdeinteriores,designerdeinteriores,byme,mesaposta"
12,cluster,23,"amore,toscana,yoga,cake,bridge,goodlife,firenze,italiansdoitbetter,instadesign,malibu,primavera,vegan,meditation,traveldiary,yogajournal,yogaretreat,yogaeveryday,fiesole,mindfulness,expatlife,expat,yogaeverywhere,yourflorence"
13,cluster,9,"boutiquehotel,designhotel,luxuryhotel,soho,kitkemp,thewhitbyhotel,designhotels,firmdalehotels,deluxehotel"
14,cluster,24,"liguria,sicily,luxurytravel,beautifulhotels,villa,portofino,islands,privatetour,travelitaly,travelinstyle,taormina,belmondpostcards,travelandleisure,condenast,veneto,vip,bespoketravel,forbes,italianluxury,southernitaly,italianalluretravel,privatetours,viptravel,robbreport"
15,cluster,19,"in,international,luxuryhomes,luxuryhome,luxurylifestylemagazine,luxuryrealestate,villas,waterfront,realestate,luxuryproperties,realtor,listing,luxuryproperty,investment,overseas,propertydevelopment,investing,investor,aplaceinthesun"
16,cluster,21,"socialmedia,digital,branding,development,digitalmarketing,strategy,ecommerce,analytics,brand,influence,pr,socialmediamarketing,marketing,connecting,reputation,networking,loyalty,awareness,google,advertising,ambition"
17,cluster,11,"mensstyle,preppy,suit,mensfashion,menswear,menstyle,dapper,gentleman,menwithclass,sprezzatura,dandy"
18,cluster,8,"visitgreece,luxuryresort,crete,luxuryhotels,hotels,boutiquehotels,hotellife,costanavarino"
19,cluster,8,"picture,outdoor,composition,capture,foto,moment,pugliagram,instapuglia"
20,cluster,12,"travelersnotebook,master,mytinyatlas,wanderer,travelworld,earthpix,igersperu,travelwithme,sonnenuntergang,passportready,ragazza,travel365"
gianluca_widmer_photo,user,1,gianluca_widmer_photo
therakerussia,user,1,therakerussia
shopofficialboutique,user,1,shopofficialboutique
falierosarti,user,1,falierosarti
carolineberesforddesign,user,1,carolineberesforddesign
ounass,user,1,ounass
cdg_cgn_nrt,user,1,cdg_cgn_nrt
jp_boutique_amalfi,user,1,jp_boutique_amalfi
clau_she,user,1,clau_she
panamahattersangels,user,1,panamahattersangels
costanza_co.ro.jewels,user,1,costanza_co.ro.jewels
kathryniveyinteriors,user,1,kathryniveyinteriors
jaquebarreto_cerimonial,user,1,jaquebarreto_cerimonial
fabiana_rispoli,user,1,fabiana_rispoli
nusaindahsurfboards,user,1,nusaindahsurfboards
cabanalife,user,1,cabanalife
gday_la,user,1,gday_la
specchiodivenerevenice,user,1,specchiodivenerevenice
semaine_online,user,1,semaine_online
internodiciotto,user,1,internodiciotto
katiejdevine,user,1,katiejdevine
slsstyle,user,1,slsstyle
mrswim_ny,user,1,mrswim_ny
sharonsuhfoto,user,1,sharonsuhfoto
ashowroominparis,user,1,ashowroominparis
veronikpli,user,1,veronikpli
suziemajer,user,1,suziemajer
sabrinapilewicz,user,1,sabrinapilewicz
nizhoni.official,user,1,nizhoni.official
leggeranellaria,user,1,leggeranellaria
die_solette,user,1,die_solette
lledoo1900,user,1,lledoo1900
ojip81,user,1,ojip81
natalietheo,user,1,natalietheo
joshmadans,user,1,joshmadans
sosummy,user,1,sosummy
biarritz_blu,user,1,biarritz_blu
susanhonnell,user,1,susanhonnell
carlosmedinagv,user,1,carlosmedinagv
x.plora,user,1,x.plora
theucurve,user,1,theucurve
hailiechoi,user,1,hailiechoi
carlavanlunn,user,1,carlavanlunn
pineapplesandlove,user,1,pineapplesandlove
casiebamford,user,1,casiebamford
leathersatchel,user,1,leathersatchel
svennuomo,user,1,svennuomo
archeinfootwear,user,1,archeinfootwear
onmyheelssite,user,1,onmyheelssite
chris_orlikowski,user,1,chris_orlikowski
trasierra_life,user,1,trasierra_life
sjwbags,user,1,sjwbags
homestaycom,user,1,homestaycom
capital_gian,user,1,capital_gian
vonbehnke,user,1,vonbehnke
francesephotography,user,1,francesephotography
kearsleynotsearsley,user,1,kearsleynotsearsley
fildisi_antiparos,user,1,fildisi_antiparos
lucalarenza,user,1,lucalarenza
kimcdavies,user,1,kimcdavies
skiretzkovitzsch,user,1,skiretzkovitzsch
kgwriter,user,1,kgwriter
mariska_doevelaar,user,1,mariska_doevelaar
nives_official,user,1,nives_official
beatricefontanadesigner,user,1,beatricefontanadesigner
flightfeathers,user,1,flightfeathers
kmcouture1,user,1,kmcouture1
nevrsettl4less,user,1,nevrsettl4less
martinagamboni,user,1,martinagamboni
shopartesano,user,1,shopartesano
danaavidancohn,user,1,danaavidancohn
ole_lukoil,user,1,ole_lukoil
espialinteriors,user,1,espialinteriors
casaveintisiete,user,1,casaveintisiete
catwalkschoolgates,user,1,catwalkschoolgates
babssh,user,1,babssh
exploresimply,user,1,exploresimply
nujoudoweis,user,1,nujoudoweis
rr_alba,user,1,rr_alba
anna_g_fashion,user,1,anna_g_fashion
katja_charlescannon,user,1,katja_charlescannon
ablondon_abhi,user,1,ablondon_abhi
buy.followers.65,user,1,buy.followers.65
mimimundu,user,1,mimimundu
jillsharpstudio,user,1,jillsharpstudio
just_be_frank_official,user,1,just_be_frank_official
sagitine,user,1,sagitine
iremulku,user,1,iremulku
robertosalomonephotojournalist,user,1,robertosalomonephotojournalist
exposedzippers,user,1,exposedzippers
marielusa,user,1,marielusa
goodonyou_app,user,1,goodonyou_app
valentinaguttuso,user,1,valentinaguttuso
edenbeing,user,1,edenbeing
jpgaultier30,user,1,jpgaultier30
andjelicaaa,user,1,andjelicaaa
sam_gilmour,user,1,sam_gilmour
elks33,user,1,elks33
kate__middleton__,user,1,kate__middleton__
gwenwinarno,user,1,gwenwinarno
maredimoda,user,1,maredimoda
nicandtom,user,1,nicandtom
melvin0619,user,1,melvin0619
saraisbixito,user,1,saraisbixito
mydecodesigner,user,1,mydecodesigner
feedelonofficial,user,1,feedelonofficial
maviada.jewellery,user,1,maviada.jewellery
mataharifinejewellery,user,1,mataharifinejewellery
happytilla,user,1,happytilla
_rachelanthony,user,1,_rachelanthony
liebe_anta,user,1,liebe_anta
orihip._.juju,user,1,orihip._.juju
oscarhumphries,user,1,oscarhumphries
ber_maria,user,1,ber_maria
linagavra,user,1,linagavra
afrodite_lwe,user,1,afrodite_lwe
missfuchsia,user,1,missfuchsia
pasqualecaravano,user,1,pasqualecaravano
francescocandurro,user,1,francescocandurro
jendior821,user,1,jendior821
gxgcollective,user,1,gxgcollective
kateelizabethvi,user,1,kateelizabethvi
gellynaf,user,1,gellynaf
sandandseaclub,user,1,sandandseaclub
binnywear,user,1,binnywear
ladynadialordgg,user,1,ladynadialordgg
pitchmystyle,user,1,pitchmystyle
giuliabermodena,user,1,giuliabermodena
ivanailinjova,user,1,ivanailinjova
natgrosby,user,1,natgrosby
gizemo,user,1,gizemo
amos12343,user,1,amos12343
domgr,user,1,domgr
citychic4ever__,user,1,citychic4ever__
sonia_miller30,user,1,sonia_miller30
labandco,user,1,labandco
josefina_guedes,user,1,josefina_guedes
mrfrankbaraan,user,1,mrfrankbaraan
wayuuworld,user,1,wayuuworld
redcarterofficial,user,1,redcarterofficial
travelaurel,user,1,travelaurel
thewearnecessities,user,1,thewearnecessities
alicek0128,user,1,alicek0128
annieeveringham,user,1,annieeveringham
alececilfoc,user,1,alececilfoc
thepcagency,user,1,thepcagency
laurettadamato,user,1,laurettadamato
followingmyhappy,user,1,followingmyhappy
kate_dunn_primel,user,1,kate_dunn_primel
kashandlana,user,1,kashandlana
pasqualedimeglio,user,1,pasqualedimeglio
_fashionedge_,user,1,_fashionedge_
andreafloriophoto,user,1,andreafloriophoto
naigregory,user,1,naigregory
cocolinistyle,user,1,cocolinistyle
az_t,user,1,az_t
cotone_clothes,user,1,cotone_clothes
prernabalani,user,1,prernabalani
quin.official,user,1,quin.official
itirovski,user,1,itirovski
wordsthatbreathe,user,1,wordsthatbreathe
sherbert4life,user,1,sherbert4life
kapok,user,1,kapok
keith_b_teague_designs_,user,1,keith_b_teague_designs_
storycollections,user,1,storycollections
susu010101,user,1,susu010101
seastarbeachwear,user,1,seastarbeachwear
michelelablog,user,1,michelelablog
alinecoquelle,user,1,alinecoquelle
macarenatb,user,1,macarenatb
houseofdharma,user,1,houseofdharma
stefaniaperrone,user,1,stefaniaperrone
millieandgreen,user,1,millieandgreen
robynbeatriceroberts,user,1,robynbeatriceroberts
twonewyork,user,1,twonewyork
biaspeckham,user,1,biaspeckham
lejeune.leopoldine,user,1,lejeune.leopoldine
tommasospinzi,user,1,tommasospinzi
luxetiffany,user,1,luxetiffany
bbberenger,user,1,bbberenger
louiszam,user,1,louiszam
louise_friedlaender,user,1,louise_friedlaender
emrldisle,user,1,emrldisle
pochevillecatering,user,1,pochevillecatering
margiemiklas,user,1,margiemiklas
theonefiftysix,user,1,theonefiftysix
julianebailey,user,1,julianebailey
betsypie,user,1,betsypie
stella_cadente14,user,1,stella_cadente14
simonesilv,user,1,simonesilv
kimmcsweeney52,user,1,kimmcsweeney52
thestylejunkiestravel,user,1,thestylejunkiestravel
joeknightuk,user,1,joeknightuk
sarafitzmaurice,user,1,sarafitzmaurice
cocoloca89,user,1,cocoloca89
mariolsenfarah,user,1,mariolsenfarah
adacanamares,user,1,adacanamares
jelizaveta,user,1,jelizaveta
switchesandbeaches,user,1,switchesandbeaches
checcoluzi,user,1,checcoluzi
villasolandra,user,1,villasolandra
minikoshop,user,1,minikoshop
florencesaineloiselle,user,1,florencesaineloiselle
nslifestylesblog,user,1,nslifestylesblog
inspired_hydra,user,1,inspired_hydra
apresannette,user,1,apresannette
pollyonvoyage,user,1,pollyonvoyage
serragoney,user,1,serragoney
shivyaus,user,1,shivyaus
ashleymoos10,user,1,ashleymoos10
manuelavernaccini,user,1,manuelavernaccini
callmeliene,user,1,callmeliene
holly_anna_1,user,1,holly_anna_1
toyasky,user,1,toyasky
elizabethswiftdesign,user,1,elizabethswiftdesign
catherinelbloom,user,1,catherinelbloom
tarasdolcevita,user,1,tarasdolcevita
villatreville,user,1,villatreville
studiobusso,user,1,studiobusso
francaseverini,user,1,francaseverini
minasliristis,user,1,minasliristis
jetsetreport,user,1,jetsetreport
sleepinjiva,user,1,sleepinjiva
holycaftan,user,1,holycaftan
stylezza,user,1,stylezza
missvictoriachristian,user,1,missvictoriachristian
coteswim,user,1,coteswim
d_kinging,user,1,d_kinging
hezlet,user,1,hezlet
lawology.com.au,user,1,lawology.com.au
thesunrisekids,user,1,thesunrisekids
rstpeters,user,1,rstpeters
ladoublej,user,1,ladoublej
nerminale,user,1,nerminale
mandorle_2483,user,1,mandorle_2483
cordelaney,user,1,cordelaney
moiranardone,user,1,moiranardone
n1agency,user,1,n1agency
bowerswimwear,user,1,bowerswimwear
venumagazine,user,1,venumagazine
grayandco,user,1,grayandco
faruk_shehu,user,1,faruk_shehu
rodearagao,user,1,rodearagao
andi_bagus,user,1,andi_bagus
mariapatrikios,user,1,mariapatrikios
fboitalia1,user,1,fboitalia1
andybritanny,user,1,andybritanny
meme.london,user,1,meme.london
italianalluretravel,user,1,italianalluretravel
noelle_hilario,user,1,noelle_hilario
olgadoumet,user,1,olgadoumet
helenemurdoch33,user,1,helenemurdoch33
knot_all_who_wander,user,1,knot_all_who_wander
hisbateauherchateau,user,1,hisbateauherchateau
brownlowinteriordesign,user,1,brownlowinteriordesign
secondemaindeluxe,user,1,secondemaindeluxe
vickykalofolias,user,1,vickykalofolias
matildavicent,user,1,matildavicent
moniquephoto,user,1,moniquephoto
chloe_and_frank,user,1,chloe_and_frank
kokoon_store,user,1,kokoon_store
mrstaschen,user,1,mrstaschen
librarygirlpresents,user,1,librarygirlpresents
indigotilt,user,1,indigotilt
sjvillaslondon,user,1,sjvillaslondon
pippahbeachstyle,user,1,pippahbeachstyle
marshas01,user,1,marshas01
ottoistschwanger,user,1,ottoistschwanger
mikibag_handbag_made_in_italy,user,1,mikibag_handbag_made_in_italy
sam_bottega,user,1,sam_bottega
pixstock,user,1,pixstock
juliaroseandcompany,user,1,juliaroseandcompany
_____bettina_____,user,1,_____bettina_____
odp_collection,user,1,odp_collection
thestorenikikartsona,user,1,thestorenikikartsona
giusyma81,user,1,giusyma81
dodo_lucy,user,1,dodo_lucy
kissser,user,1,kissser
myhomehotels,user,1,myhomehotels
petravanroon,user,1,petravanroon
rarebirdswimwear,user,1,rarebirdswimwear
bethaniahome,user,1,bethaniahome
atelier_amme,user,1,atelier_amme
eyespybykg,user,1,eyespybykg
wolfinkitchen,user,1,wolfinkitchen
twentypetworth,user,1,twentypetworth
mariagoldknudsen,user,1,mariagoldknudsen
lash.allure_sydney,user,1,lash.allure_sydney
norajameshomestyle,user,1,norajameshomestyle
jolenedetillion,user,1,jolenedetillion
mjgiuls,user,1,mjgiuls
mitoswimwear,user,1,mitoswimwear
carlyhome,user,1,carlyhome
bettinacarpentieri,user,1,bettinacarpentieri
lestudiobleu,user,1,lestudiobleu
elena_fe,user,1,elena_fe
magamaison,user,1,magamaison
titti_in_giro,user,1,titti_in_giro
treasureofthesirens,user,1,treasureofthesirens
crown_rising,user,1,crown_rising
lidiacortinakarras,user,1,lidiacortinakarras
gdm.informatica.foto,user,1,gdm.informatica.foto
pumopugliese,user,1,pumopugliese
lug2loom,user,1,lug2loom
k_sologub,user,1,k_sologub
laurenskingsley,user,1,laurenskingsley
focusgriffintown,user,1,focusgriffintown
sofbarth,user,1,sofbarth
crazycatlady_oslo,user,1,crazycatlady_oslo
editapaperart,user,1,editapaperart
concordpillows,user,1,concordpillows
eauditalie_official,user,1,eauditalie_official
simi_mel,user,1,simi_mel
bo_chirathivat,user,1,bo_chirathivat
ranakorgul,user,1,ranakorgul
allie_clay,user,1,allie_clay
marechiara,user,1,marechiara
sassiswim,user,1,sassiswim
dylanrnash,user,1,dylanrnash
annaguardaaltamodasposa,user,1,annaguardaaltamodasposa
ecuafino,user,1,ecuafino
nomad97india,user,1,nomad97india
kerry_ddhome,user,1,kerry_ddhome
bombiger,user,1,bombiger
always_summer_folegandros,user,1,always_summer_folegandros
chitraalacati,user,1,chitraalacati
ultracard,user,1,ultracard
maisondomecq,user,1,maisondomecq
margamust,user,1,margamust
pilohstudio,user,1,pilohstudio
hair_born,user,1,hair_born
8knotstowels,user,1,8knotstowels
houseofweddingpositano,user,1,houseofweddingpositano
pauglinapauglina,user,1,pauglinapauglina
roseslens,user,1,roseslens
lilycay,user,1,lilycay
blakeo,user,1,blakeo
mermaid_in_motion,user,1,mermaid_in_motion
oliviamontiarduini,user,1,oliviamontiarduini
beadsource,user,1,beadsource
judy30a_,user,1,judy30a_
courtneykennedyshop,user,1,courtneykennedyshop
purolino.noosa,user,1,purolino.noosa
aligunn8,user,1,aligunn8
annoushkaducas,user,1,annoushkaducas
melanieleaj,user,1,melanieleaj
gillhayhoe,user,1,gillhayhoe
fio.nyc,user,1,fio.nyc
navalwives_tales,user,1,navalwives_tales
daisytkjp,user,1,daisytkjp
danamermaid,user,1,danamermaid
funkypelota,user,1,funkypelota
shoptheblake,user,1,shoptheblake
kathewilcoxon,user,1,kathewilcoxon
antoniakarra,user,1,antoniakarra
seren_london,user,1,seren_london
palomabluelondon,user,1,palomabluelondon
masseriatorremaizza,user,1,masseriatorremaizza
lisalandt,user,1,lisalandt
mariapaolabarrotta,user,1,mariapaolabarrotta
art_bible,user,1,art_bible
maria_kofidou,user,1,maria_kofidou
berenford.world,user,1,berenford.world
lisadavischessum,user,1,lisadavischessum
claudemorady,user,1,claudemorady
hair_sculptress_,user,1,hair_sculptress_
laceandluce,user,1,laceandluce
tribecaconceptstore,user,1,tribecaconceptstore
daniwriter,user,1,daniwriter
lorenza_urbano,user,1,lorenza_urbano
allemedicina,user,1,allemedicina
kolorowekredki,user,1,kolorowekredki
paolaposh,user,1,paolaposh
bowlerandbeach,user,1,bowlerandbeach
cazbarty,user,1,cazbarty
pk7d,user,1,pk7d
mynnorthamerica,user,1,mynnorthamerica
sundaratravel,user,1,sundaratravel
tito_pedrini_jewellery,user,1,tito_pedrini_jewellery
holliegowens,user,1,holliegowens
muebles_olego_santos,user,1,muebles_olego_santos
mediterranean_moves,user,1,mediterranean_moves
davidcasaphoto,user,1,davidcasaphoto
leparigine,user,1,leparigine
anitapezzotta1,user,1,anitapezzotta1
salty_empire,user,1,salty_empire
christenmaxwell,user,1,christenmaxwell
sophiepetitmilano,user,1,sophiepetitmilano
patmosaktis,user,1,patmosaktis
eurekaceramichedarte,user,1,eurekaceramichedarte
theodoreandcompany,user,1,theodoreandcompany
theenglishroom,user,1,theenglishroom
stellastorm_official,user,1,stellastorm_official
style_design_a_life_you_love,user,1,style_design_a_life_you_love
kvnitsme,user,1,kvnitsme
theluxuryboudoir,user,1,theluxuryboudoir
apoella,user,1,apoella
alexandradfoster,user,1,alexandradfoster
lilian.mills,user,1,lilian.mills
carolinekinsolving,user,1,carolinekinsolving
yourgirlleonie,user,1,yourgirlleonie
trailerfash,user,1,trailerfash
maezae,user,1,maezae
oliviajoffrey,user,1,oliviajoffrey
evrenkayar,user,1,evrenkayar
corallamaiuri,user,1,corallamaiuri
calacorallo,user,1,calacorallo
minywanders,user,1,minywanders
bennybelle,user,1,bennybelle
phoede,user,1,phoede
lamplighterlondon,user,1,lamplighterlondon
vdphelsinki,user,1,vdphelsinki
chroma_rohka,user,1,chroma_rohka
andrearm68,user,1,andrearm68
allegrasidylls,user,1,allegrasidylls
villa__coralia,user,1,villa__coralia
catherine.stern,user,1,catherine.stern
tonya_cruickshank,user,1,tonya_cruickshank
agwwriter,user,1,agwwriter
wonderbag,user,1,wonderbag
sonjabonk,user,1,sonjabonk
stephaniedoumtsis.makeup,user,1,stephaniedoumtsis.makeup
madison_hall_chicago,user,1,madison_hall_chicago
majovanoye,user,1,majovanoye
ferodeurbina,user,1,ferodeurbina
marilita75,user,1,marilita75
kristenmcginnis,user,1,kristenmcginnis
markfw,user,1,markfw
paulasanexplorer,user,1,paulasanexplorer
theboutiqueniagarafalls,user,1,theboutiqueniagarafalls
mydogearedpages,user,1,mydogearedpages
libbyblakey,user,1,libbyblakey
thenewdenimproject,user,1,thenewdenimproject
roulahatz,user,1,roulahatz
nomadicfriends,user,1,nomadicfriends
mr.panama69,user,1,mr.panama69
boxwoodhomeandinteriors,user,1,boxwoodhomeandinteriors
lisacortihte,user,1,lisacortihte
julianarudell,user,1,julianarudell
ennipan,user,1,ennipan
cactuslifestyle,user,1,cactuslifestyle
usedtokyo,user,1,usedtokyo
nives012,user,1,nives012
idconceptstores,user,1,idconceptstores
franzinha_b,user,1,franzinha_b
andro_est2014,user,1,andro_est2014
doyakarolini,user,1,doyakarolini
menshealthstyle,user,1,menshealthstyle
ashleighvicobeautyateclipse,user,1,ashleighvicobeautyateclipse
thetuscantravelista,user,1,thetuscantravelista
londonmeetsparis,user,1,londonmeetsparis
marcocascone,user,1,marcocascone
busattiatlanta,user,1,busattiatlanta
casaangelinalifestyle,user,1,casaangelinalifestyle
salernowedding,user,1,salernowedding
rebeccafisherstudio,user,1,rebeccafisherstudio
elisa_calligaris,user,1,elisa_calligaris
antoniosersale,user,1,antoniosersale
cabanavintage,user,1,cabanavintage
aileroo,user,1,aileroo
ivonesantos,user,1,ivonesantos
orbernstein,user,1,orbernstein
dilettafenicia,user,1,dilettafenicia
goldiezaldivar,user,1,goldiezaldivar
angelinapezone,user,1,angelinapezone
merrilyverilyvintage,user,1,merrilyverilyvintage
johnarcaraphotography,user,1,johnarcaraphotography
_jeuxdeau_,user,1,_jeuxdeau_
pineapplecrownuk,user,1,pineapplecrownuk
imarmottini,user,1,imarmottini
mari_yano,user,1,mari_yano
lehuabeauty,user,1,lehuabeauty
emychic_official,user,1,emychic_official
veritomiami,user,1,veritomiami
etistylefile,user,1,etistylefile
amelia_pappas,user,1,amelia_pappas
mr_poey,user,1,mr_poey
memyhealthyworld,user,1,memyhealthyworld
global_adventuress,user,1,global_adventuress
mmaren,user,1,mmaren
jackieillustrated,user,1,jackieillustrated
palorosaproject,user,1,palorosaproject
tzniutstyle24,user,1,tzniutstyle24
bungaloweight,user,1,bungaloweight
romexlove,user,1,romexlove
emmacalvertjewellery,user,1,emmacalvertjewellery
mywhitet,user,1,mywhitet
danielledrollins,user,1,danielledrollins
fionafidder,user,1,fionafidder
champagnedetours,user,1,champagnedetours
laputenas,user,1,laputenas
federicasant,user,1,federicasant
francesca_calligaris,user,1,francesca_calligaris
makeupthiene,user,1,makeupthiene
artigianatoepalazzo,user,1,artigianatoepalazzo
morganpatricialove,user,1,morganpatricialove
mrsclaireffe,user,1,mrsclaireffe
malama_boutique,user,1,malama_boutique
navis1921,user,1,navis1921
magazat,user,1,magazat
wreckedvintage,user,1,wreckedvintage
sugokuiievents,user,1,sugokuiievents
paulaminhos,user,1,paulaminhos
grayscale_pr,user,1,grayscale_pr
monicamahoney,user,1,monicamahoney
annewolfepostic,user,1,annewolfepostic
storiesbykine,user,1,storiesbykine
sorellesforza,user,1,sorellesforza
monilaurie,user,1,monilaurie
yourcamilla,user,1,yourcamilla
stitchedbymitch,user,1,stitchedbymitch
gastronovoyage,user,1,gastronovoyage
valeria.szabo,user,1,valeria.szabo
yatracollection,user,1,yatracollection
maricaevents,user,1,maricaevents
msrebeccaw,user,1,msrebeccaw
tischnewyork,user,1,tischnewyork
amvu1505,user,1,amvu1505
lesliemodel,user,1,lesliemodel
thechicjetsetter,user,1,thechicjetsetter
elenamoretti__,user,1,elenamoretti__
cdmtraveling,user,1,cdmtraveling
blue_gardens,user,1,blue_gardens
cordeliajames,user,1,cordeliajames
hesperfox,user,1,hesperfox
fromjaipurwithlove,user,1,fromjaipurwithlove
wonder_jewels_positano,user,1,wonder_jewels_positano
vivaglammag,user,1,vivaglammag
federica_gervasoni,user,1,federica_gervasoni
brianbranton,user,1,brianbranton
mralejandro,user,1,mralejandro
sven_maleszka,user,1,sven_maleszka
style_818,user,1,style_818
gorgo_la_meduse,user,1,gorgo_la_meduse
chevilleshoes,user,1,chevilleshoes
angedesveaux,user,1,angedesveaux
georgestratigis,user,1,georgestratigis
le_ruts,user,1,le_ruts
houseof1000fabrics,user,1,houseof1000fabrics
poojithaou,user,1,poojithaou
mdemdesigns,user,1,mdemdesigns
enricocuc196_positano,user,1,enricocuc196_positano
terisstar,user,1,terisstar
etiquetteitaly,user,1,etiquetteitaly
nataliebrunell,user,1,nataliebrunell
al_ties,user,1,al_ties
philein81,user,1,philein81
sprezza.spain,user,1,sprezza.spain
famof5macs,user,1,famof5macs
cristina_serafini_sauli,user,1,cristina_serafini_sauli
richardwengle,user,1,richardwengle
furtherexposure,user,1,furtherexposure
neapolitan_sunflower,user,1,neapolitan_sunflower
sarahamandabray,user,1,sarahamandabray
brynnmondary,user,1,brynnmondary
spratlingsilver,user,1,spratlingsilver
circa_vintage_house,user,1,circa_vintage_house
sofia.joelsson,user,1,sofia.joelsson
matteo.gasparini.milano.italy,user,1,matteo.gasparini.milano.italy
andreasbcn,user,1,andreasbcn
risalitigianni,user,1,risalitigianni
divinasecrets,user,1,divinasecrets
rosepassionblog,user,1,rosepassionblog
ciaoamalfi,user,1,ciaoamalfi
ildelfinodipositanocammarano,user,1,ildelfinodipositanocammarano
elisaveta_gv,user,1,elisaveta_gv
alinamalina26,user,1,alinamalina26
katherine_wilson74,user,1,katherine_wilson74
allisonspeerpr,user,1,allisonspeerpr
danifiore89,user,1,danifiore89
bellinitravel,user,1,bellinitravel
framel88,user,1,framel88
jenkinsfamilytravels,user,1,jenkinsfamilytravels
melrosexclusive,user,1,melrosexclusive
exclusivecruises,user,1,exclusivecruises
ristorantestellamaris_amalfi,user,1,ristorantestellamaris_amalfi
serginopiazza,user,1,serginopiazza
caitlinflynnramsdale,user,1,caitlinflynnramsdale
luigi_dls,user,1,luigi_dls
hannahpemann,user,1,hannahpemann
bellavventura,user,1,bellavventura
corallamaiuripersonal,user,1,corallamaiuripersonal
onefirebeach,user,1,onefirebeach
travelcocktail,user,1,travelcocktail
vibivenezia,user,1,vibivenezia
ra_ruiz,user,1,ra_ruiz
amalkapeninteriors,user,1,amalkapeninteriors
luxurylifetravel,user,1,luxurylifetravel
edths_iflowers,user,1,edths_iflowers
ann4lisa,user,1,ann4lisa
anto_dl,user,1,anto_dl
valed_a,user,1,valed_a
regina_morrone,user,1,regina_morrone
gustiini,user,1,gustiini
ashcebulka,user,1,ashcebulka
francosbar,user,1,francosbar
lanamaria16,user,1,lanamaria16
diversionstravel,user,1,diversionstravel
astridfranz_videomaker,user,1,astridfranz_videomaker
positanonews,user,1,positanonews
transfer_tour,user,1,transfer_tour
federicovsanden,user,1,federicovsanden
brekkefletch,user,1,brekkefletch
alexandrabloom_nyc,user,1,alexandrabloom_nyc
emiliano.ruocco,user,1,emiliano.ruocco
giulianicharter,user,1,giulianicharter
giedre_life,user,1,giedre_life
fbaldaro,user,1,fbaldaro
giulia.palumbo,user,1,giulia.palumbo
liviahengel,user,1,liviahengel
dompaga,user,1,dompaga
raffapan,user,1,raffapan
atravelistasguide,user,1,atravelistasguide
melissa_mastro91,user,1,melissa_mastro91
carlalovesphotography,user,1,carlalovesphotography
carolinelock,user,1,carolinelock
jessica.carvo,user,1,jessica.carvo
elkehanspach,user,1,elkehanspach
daproviaggi_touroperator,user,1,daproviaggi_touroperator
viadeirufolo22,user,1,viadeirufolo22
melanix97,user,1,melanix97
neishaparekh,user,1,neishaparekh
graceelisabethc,user,1,graceelisabethc
theodorahome,user,1,theodorahome
miriamonaram,user,1,miriamonaram
lindsay_burg,user,1,lindsay_burg
zia_saimon,user,1,zia_saimon
theefrenchtulip,user,1,theefrenchtulip
peterjbregoli,user,1,peterjbregoli
oxfordprivatetravel,user,1,oxfordprivatetravel
lemon_point,user,1,lemon_point
helen_ballard,user,1,helen_ballard
belindacappiello,user,1,belindacappiello
ninniamalficoast,user,1,ninniamalficoast
raraborse,user,1,raraborse
nadine.j,user,1,nadine.j
positano_li,user,1,positano_li
leanneitalie_supercarlover,user,1,leanneitalie_supercarlover
medy1978,user,1,medy1978
giulia_sersale,user,1,giulia_sersale
stylewmonica,user,1,stylewmonica
gypsetter22,user,1,gypsetter22
gaetano1302,user,1,gaetano1302
jjapicella,user,1,jjapicella
mypositano,user,1,mypositano
mooremelissa56,user,1,mooremelissa56
valeriomarrapese,user,1,valeriomarrapese
brianboye,user,1,brianboye
mimilarag,user,1,mimilarag
consigliacantile,user,1,consigliacantile
amalficoast_,user,1,amalficoast_
ziggyna,user,1,ziggyna
malusitap,user,1,malusitap
yigittellioglu,user,1,yigittellioglu
tuttobelloamore,user,1,tuttobelloamore
begumtellioglu,user,1,begumtellioglu
pennyfrancesapothecary,user,1,pennyfrancesapothecary
italiansummersbylisa,user,1,italiansummersbylisa
trevorbornmd,user,1,trevorbornmd
amalficoastlovers,user,1,amalficoastlovers
romichu90,user,1,romichu90
rose.roam,user,1,rose.roam
lesirenuse,user,1,lesirenuse
kateloughtravel,user,1,kateloughtravel
naybs,user,1,naybs
ladivinacostiera,user,1,ladivinacostiera
roxyinthecity,user,1,roxyinthecity
carlapositano,user,1,carlapositano
wanderwithjojo,user,1,wanderwithjojo
maurakent,user,1,maurakent
geminavel,user,1,geminavel
iakopi,user,1,iakopi
klaudiawasiela,user,1,klaudiawasiela
eliasabdelnour,user,1,eliasabdelnour
ruralpub,user,1,ruralpub
michelepetrone77,user,1,michelepetrone77
misterbar_capri_,user,1,misterbar_capri_
burcin.onur,user,1,burcin.onur
gianni_s_boats_capri,user,1,gianni_s_boats_capri
minabagiota,user,1,minabagiota
trevillebeachclub,user,1,trevillebeachclub
fraaesposito,user,1,fraaesposito
meryledavis,user,1,meryledavis
ferruccio_lambiase,user,1,ferruccio_lambiase
kk_pike,user,1,kk_pike
ristorantelacambusapositano,user,1,ristorantelacambusapositano
lbardishoes,user,1,lbardishoes
donnagirl75,user,1,donnagirl75
thehaflife,user,1,thehaflife
g.delvecchio79,user,1,g.delvecchio79
katiekeener,user,1,katiekeener
rosafrankis,user,1,rosafrankis
kikuluci,user,1,kikuluci
jmfm_s,user,1,jmfm_s
mich_haw,user,1,mich_haw
sundaytimesfood,user,1,sundaytimesfood
pirotecnicamansi,user,1,pirotecnicamansi
a_capri_life,user,1,a_capri_life
juli.pissi,user,1,juli.pissi
gianniungaro,user,1,gianniungaro
kostyalstockholm,user,1,kostyalstockholm
monayoon,user,1,monayoon
gavla_van,user,1,gavla_van
laotsesmy,user,1,laotsesmy
loftymix,user,1,loftymix
gpapage71,user,1,gpapage71
armandomtzacevedo,user,1,armandomtzacevedo
isit5oclockyet,user,1,isit5oclockyet
riccio_italy,user,1,riccio_italy
anchorsandacorns,user,1,anchorsandacorns
rideyourtime,user,1,rideyourtime
chateauboswell,user,1,chateauboswell
carmenlago1,user,1,carmenlago1
sf6033,user,1,sf6033
cok_alvarez,user,1,cok_alvarez
thepurepackage,user,1,thepurepackage
starphotographic,user,1,starphotographic
thejerseybreeze,user,1,thejerseybreeze
lorikarenlovejoy,user,1,lorikarenlovejoy
ysl2y,user,1,ysl2y
illeego,user,1,illeego
cassieousta,user,1,cassieousta
evybandeca,user,1,evybandeca
riadlej,user,1,riadlej
t.kamogen,user,1,t.kamogen
amaltzimogianni,user,1,amaltzimogianni
rosromina,user,1,rosromina
katealkarnigallery,user,1,katealkarnigallery
njoylifefirst,user,1,njoylifefirst
lessisamorefirenze,user,1,lessisamorefirenze
nurus.sabah,user,1,nurus.sabah
alycepilgrim,user,1,alycepilgrim
bayanhariri,user,1,bayanhariri
gmarch.gm,user,1,gmarch.gm
paolagmagnoni,user,1,paolagmagnoni
raffaeledellaria,user,1,raffaeledellaria
mellyyc,user,1,mellyyc
momoe74,user,1,momoe74
evrenkali2,user,1,evrenkali2
ladyfoxmags,user,1,ladyfoxmags
nichefila,user,1,nichefila
michele.wise,user,1,michele.wise
elizabethladendorf,user,1,elizabethladendorf
dkorpman,user,1,dkorpman
eclair132,user,1,eclair132
nick.spinatelli,user,1,nick.spinatelli
bardot_oc,user,1,bardot_oc
cindylb22,user,1,cindylb22
catherineturek,user,1,catherineturek
lamejunderssen,user,1,lamejunderssen
juln.gaman,user,1,juln.gaman
azzurraceramica,user,1,azzurraceramica
amanyyassingallery,user,1,amanyyassingallery
olinbarnes,user,1,olinbarnes
hotelsavoy,user,1,hotelsavoy
anamarcarmona,user,1,anamarcarmona
naturalbornpreneur,user,1,naturalbornpreneur
carlypaiker_jewellery,user,1,carlypaiker_jewellery
jfd_ca,user,1,jfd_ca
hannahcurranina,user,1,hannahcurranina
capo_0,user,1,capo_0
notegate.noteworthy,user,1,notegate.noteworthy
maisie.flight,user,1,maisie.flight
weardiversity,user,1,weardiversity
riccardonavone,user,1,riccardonavone
t_happen,user,1,t_happen
runningslowlywhilelaughing,user,1,runningslowlywhilelaughing
poshgirl247,user,1,poshgirl247
manu.cavallo,user,1,manu.cavallo
anisa_lika,user,1,anisa_lika
groova08,user,1,groova08
astraeaparis,user,1,astraeaparis
thankstoyou_pgh,user,1,thankstoyou_pgh
roshl,user,1,roshl
l_ocora,user,1,l_ocora
dreammakers.decor,user,1,dreammakers.decor
klotho_thread_of_time,user,1,klotho_thread_of_time
sarayavandreumel,user,1,sarayavandreumel
chelseaprice,user,1,chelseaprice
epitome.xyz,user,1,epitome.xyz
daragh07,user,1,daragh07
byjada,user,1,byjada
shopsamdupont,user,1,shopsamdupont
katelurie,user,1,katelurie
cindy.adams,user,1,cindy.adams
dolcevitaphotoart,user,1,dolcevitaphotoart
n_bok,user,1,n_bok
kasiasophia,user,1,kasiasophia
sissibiz,user,1,sissibiz
garmirenda,user,1,garmirenda
robertolepore,user,1,robertolepore
szilvia_mostdays,user,1,szilvia_mostdays
thewildrabbitkingham,user,1,thewildrabbitkingham
yiorgoskordakis,user,1,yiorgoskordakis
riri2310,user,1,riri2310
yourexpertagentfl,user,1,yourexpertagentfl
samarbreitem,user,1,samarbreitem
ameliahaz,user,1,ameliahaz
dlvecchio9,user,1,dlvecchio9
vickymoss7270,user,1,vickymoss7270
daysatseahotel,user,1,daysatseahotel
italianfood_abroad,user,1,italianfood_abroad
tomaz.mari,user,1,tomaz.mari
thesurfclubmiamibeach,user,1,thesurfclubmiamibeach
pepitodelavega99,user,1,pepitodelavega99
njcubangirl,user,1,njcubangirl
mikewill53,user,1,mikewill53
lieutenantlanvin,user,1,lieutenantlanvin
karelkkaram,user,1,karelkkaram
sandraluziaschafroth,user,1,sandraluziaschafroth
annetornroos,user,1,annetornroos
hamza.benomar,user,1,hamza.benomar
gigiwon,user,1,gigiwon
mariasgoneee,user,1,mariasgoneee
alcazar.javi,user,1,alcazar.javi
_mmmiriam,user,1,_mmmiriam
lawallys,user,1,lawallys
bygloriagonzalez,user,1,bygloriagonzalez
yogabarn,user,1,yogabarn
cathyswett,user,1,cathyswett
brian_valmonte,user,1,brian_valmonte
catespin,user,1,catespin
elenareich_interiors,user,1,elenareich_interiors
malen1916,user,1,malen1916
flyte.se,user,1,flyte.se
mamaefiglia,user,1,mamaefiglia
laughlandjones,user,1,laughlandjones
mr.bungalow,user,1,mr.bungalow
rahmahumayya,user,1,rahmahumayya
janepollymacky,user,1,janepollymacky
julie_b_yxe,user,1,julie_b_yxe
karagerson,user,1,karagerson
sheagrafik,user,1,sheagrafik
ilfedebanfi,user,1,ilfedebanfi
martaferrari9008,user,1,martaferrari9008
heawood,user,1,heawood
eastovercollection,user,1,eastovercollection
rachelblindauer,user,1,rachelblindauer
catdoglane,user,1,catdoglane
sofiabroggini,user,1,sofiabroggini
latuilealoup,user,1,latuilealoup
firmdale_hotels,user,1,firmdale_hotels
northern.gent,user,1,northern.gent
gbeevents,user,1,gbeevents
theorientline,user,1,theorientline
james_andrew,user,1,james_andrew
carskieyhouse,user,1,carskieyhouse
rwrightfeats,user,1,rwrightfeats
citrusandcedars,user,1,citrusandcedars
malicatering,user,1,malicatering
cecehaydock,user,1,cecehaydock
torylariar,user,1,torylariar
mishstagram,user,1,mishstagram
rawcontent,user,1,rawcontent
mimosa.hsu,user,1,mimosa.hsu
augusta__,user,1,augusta__
magalyopice,user,1,magalyopice
venznl,user,1,venznl
thayershardware,user,1,thayershardware
grantbriskinphl,user,1,grantbriskinphl
martinb.london,user,1,martinb.london
olivesandvines,user,1,olivesandvines
david.arabidze,user,1,david.arabidze
suesloan1703,user,1,suesloan1703
theahavlin,user,1,theahavlin
vasiliki_tsantila,user,1,vasiliki_tsantila
kirstyhchow,user,1,kirstyhchow
erikageara,user,1,erikageara
saleinsolubile,user,1,saleinsolubile
oliviatuffin,user,1,oliviatuffin
sgetiquette,user,1,sgetiquette
chrisyuenying,user,1,chrisyuenying
spenny_g,user,1,spenny_g
random_yorch,user,1,random_yorch
paolofilippo_fantoni,user,1,paolofilippo_fantoni
designer_theory,user,1,designer_theory
kwslippers,user,1,kwslippers
olsenhome,user,1,olsenhome
rachierobb,user,1,rachierobb
alexisdeaville,user,1,alexisdeaville
barbarafacanha,user,1,barbarafacanha
laboratorioparavicini,user,1,laboratorioparavicini
charr114,user,1,charr114
fanis_sim,user,1,fanis_sim
imagesbyruss,user,1,imagesbyruss
agapisbokou,user,1,agapisbokou
giolanocita,user,1,giolanocita
simonetbianco,user,1,simonetbianco
manak419,user,1,manak419
maraquici,user,1,maraquici
potencialidades,user,1,potencialidades
hockyourfrocks,user,1,hockyourfrocks
sharainicholson,user,1,sharainicholson
murrymckee,user,1,murrymckee
nadiakovy,user,1,nadiakovy
simonamazzi,user,1,simonamazzi
tarokh.irantravel1,user,1,tarokh.irantravel1
rimaglio,user,1,rimaglio
bene1810,user,1,bene1810
apollinerisser,user,1,apollinerisser
mazjoseph,user,1,mazjoseph
condottasuite14,user,1,condottasuite14
___letizia___,user,1,___letizia___
carlocalyps,user,1,carlocalyps
becagd,user,1,becagd
esagramma,user,1,esagramma
martihawkins,user,1,martihawkins
lwfabulouswardrobe,user,1,lwfabulouswardrobe
aidacecchetti,user,1,aidacecchetti
ryanedwards_93,user,1,ryanedwards_93
stefaniafuccieijgenberger,user,1,stefaniafuccieijgenberger
biciofabi,user,1,biciofabi
coconutcollab,user,1,coconutcollab
billyteee,user,1,billyteee
essentiapuglia,user,1,essentiapuglia
santhosh_retreats,user,1,santhosh_retreats
pkpratt,user,1,pkpratt
rachel_felson,user,1,rachel_felson
susieshein,user,1,susieshein
unamammaindisordine,user,1,unamammaindisordine
escapesatolivesandvines,user,1,escapesatolivesandvines
baritaliagoldcoast,user,1,baritaliagoldcoast
atelier_allison,user,1,atelier_allison
mr_bumper,user,1,mr_bumper
andivanzyl,user,1,andivanzyl
sqa2022,user,1,sqa2022
maria__aiello,user,1,maria__aiello
jessiepbraun,user,1,jessiepbraun
mrsrafdow,user,1,mrsrafdow
4nc4,user,1,4nc4
lgurvichvintage,user,1,lgurvichvintage
jacopobuffa,user,1,jacopobuffa
rksolidnyc,user,1,rksolidnyc
giannetti65,user,1,giannetti65
louisepascal,user,1,louisepascal
sophiehanby,user,1,sophiehanby
frankellett,user,1,frankellett
luxuryhomes_lifestyle,user,1,luxuryhomes_lifestyle
martimaran,user,1,martimaran
chadfab,user,1,chadfab
cedricreversade,user,1,cedricreversade
amalia3gr,user,1,amalia3gr
lauralucci,user,1,lauralucci
filippojnmarchetta,user,1,filippojnmarchetta
esraavas,user,1,esraavas
ladyfox,user,1,ladyfox
avondaletravel,user,1,avondaletravel
florenceavignant,user,1,florenceavignant
theseventhduchess,user,1,theseventhduchess
pedy52,user,1,pedy52
amandasmiller1,user,1,amandasmiller1
fincacortesin,user,1,fincacortesin
trulli_resort,user,1,trulli_resort
osvebra,user,1,osvebra
nancycharoenledlie,user,1,nancycharoenledlie
rossgolightly,user,1,rossgolightly
lucaferrro,user,1,lucaferrro
lapancia_mr.white,user,1,lapancia_mr.white
novel.fineries,user,1,novel.fineries
dennislauritzen,user,1,dennislauritzen
fasteddyspencer,user,1,fasteddyspencer
charlieking0803,user,1,charlieking0803
sandra_a_jensen,user,1,sandra_a_jensen
marie_pantaz,user,1,marie_pantaz
luxurytraveler.us,user,1,luxurytraveler.us
dkatsi,user,1,dkatsi
jenewilliams,user,1,jenewilliams
eirini_dardari,user,1,eirini_dardari
nathiaroga,user,1,nathiaroga
